producto,precio,tienda,sucursal,fecha_consulta
tortilla amarilla (a granel),MX$12.90/kg,Chedraui ğŸ›’,chedraui chedraui mundo e,2023-12-04 13:03:07.220302
tortillas blancas (a granel),MX$12.90/kg,Chedraui ğŸ›’,chedraui chedraui mundo e,2023-12-04 13:03:07.220302
,MX$43.00,Chedraui ğŸ›’,chedraui chedraui mundo e,2023-12-04 13:03:07.220302
,MX$27.55,Chedraui ğŸ›’,chedraui chedraui mundo e,2023-12-04 13:03:07.220302
,MX$29.00,Chedraui ğŸ›’,chedraui chedraui mundo e,2023-12-04 13:03:07.220302
,MX$29.35,Chedraui ğŸ›’,chedraui chedraui mundo e,2023-12-04 13:03:07.220302
,MX$62.00,Chedraui ğŸ›’,chedraui chedraui mundo e,2023-12-04 13:03:07.220302
tortilla taquera amarilla (unidad: 1 kg aprox),MX$26.50/kg,Chedraui ğŸ›’,chedraui chedraui mundo e,2023-12-04 13:03:07.220302
,MX$59.00,Chedraui ğŸ›’,chedraui chedraui mundo e,2023-12-04 13:03:07.220302
,MX$35.00,Chedraui ğŸ›’,chedraui chedraui mundo e,2023-12-04 13:03:07.220302
,MX$17.50,Chedraui ğŸ›’,chedraui chedraui mundo e,2023-12-04 13:03:07.220302
,MX$20.45,Chedraui ğŸ›’,chedraui chedraui mundo e,2023-12-04 13:03:07.220302
,MX$43.50,Chedraui ğŸ›’,chedraui chedraui mundo e,2023-12-04 13:03:07.220302
,MX$27.00,Chedraui ğŸ›’,chedraui chedraui mundo e,2023-12-04 13:03:07.220302
,MX$40.00,Chedraui ğŸ›’,chedraui chedraui mundo e,2023-12-04 13:03:07.220302
,MX$35.60,Chedraui ğŸ›’,chedraui chedraui mundo e,2023-12-04 13:03:07.220302
,MX$75.00,Chedraui ğŸ›’,chedraui chedraui mundo e,2023-12-04 13:03:07.220302
,MX$43.50,Chedraui ğŸ›’,chedraui chedraui mundo e,2023-12-04 13:03:07.220302
,MX$19.10,Chedraui ğŸ›’,chedraui chedraui mundo e,2023-12-04 13:03:07.220302
sopes 6 pzas,MX$22.00,Chedraui ğŸ›’,chedraui chedraui mundo e,2023-12-04 13:03:07.220302
,MX$43.50,Chedraui ğŸ›’,chedraui chedraui mundo e,2023-12-04 13:03:07.220302
,MX$17.50,Chedraui ğŸ›’,chedraui chedraui mundo e,2023-12-04 13:03:07.220302
,MX$31.00,Chedraui ğŸ›’,chedraui chedraui mundo e,2023-12-04 13:03:07.220302
,MX$25.50,Chedraui ğŸ›’,chedraui chedraui mundo e,2023-12-04 13:03:07.220302
,MX$30.50,Chedraui ğŸ›’,chedraui chedraui mundo e,2023-12-04 13:03:07.220302
,MX$35.60,Chedraui ğŸ›’,chedraui chedraui mundo e,2023-12-04 13:03:07.220302
totopo natural selecto brand 500 gr,MX$32.00,Chedraui ğŸ›’,chedraui chedraui mundo e,2023-12-04 13:03:07.220302
,MX$25.00,Chedraui ğŸ›’,chedraui chedraui mundo e,2023-12-04 13:03:07.220302
,MX$27.00,Chedraui ğŸ›’,chedraui chedraui mundo e,2023-12-04 13:03:07.220302
,MX$32.00,Chedraui ğŸ›’,chedraui chedraui mundo e,2023-12-04 13:03:07.220302
,MX$24.00,Chedraui ğŸ›’,chedraui chedraui mundo e,2023-12-04 13:03:07.220302
,MX$42.50,Chedraui ğŸ›’,chedraui chedraui mundo e,2023-12-04 13:03:07.220302
tortilla maiz mission amarillas 550 gr,MX$27.00,Chedraui ğŸ›’,chedraui chedraui mundo e,2023-12-04 13:03:07.220302
,MX$33.50,Chedraui ğŸ›’,chedraui chedraui mundo e,2023-12-04 13:03:07.220302
,MX$42.00,Chedraui ğŸ›’,chedraui chedraui mundo e,2023-12-04 13:03:07.220302
,MX$30.50,Chedraui ğŸ›’,chedraui chedraui mundo e,2023-12-04 13:03:07.220302
,MX$16.00,Chedraui ğŸ›’,chedraui chedraui mundo e,2023-12-04 13:03:07.220302
r tortilla harina (a granel),MX$36.90/kg,Chedraui ğŸ›’,chedraui chedraui mundo e,2023-12-04 13:03:07.220302
tortilla taquera blanca (a granel),MX$26.50/kg,Chedraui ğŸ›’,chedraui chedraui mundo e,2023-12-04 13:03:07.220302
,MX$17.40,Chedraui ğŸ›’,chedraui chedraui mundo e,2023-12-04 13:03:07.220302
tortilla mission integral 227 gr,MX$41.50,Chedraui ğŸ›’,chedraui chedraui mundo e,2023-12-04 13:03:07.220302
,MX$49.00,Chedraui ğŸ›’,chedraui chedraui mundo e,2023-12-04 13:03:07.220302
,MX$17.35,Chedraui ğŸ›’,chedraui chedraui mundo e,2023-12-04 13:03:07.220302
,MX$30.50,Chedraui ğŸ›’,chedraui chedraui mundo e,2023-12-04 13:03:07.220302
,MX$40.30,Chedraui ğŸ›’,chedraui chedraui mundo e,2023-12-04 13:03:07.220302
tortilla espanola de cebolla 500 g,MX$134.00,Chedraui ğŸ›’,chedraui chedraui mundo e,2023-12-04 13:03:07.220302
,MX$42.60,Chedraui ğŸ›’,chedraui chedraui mundo e,2023-12-04 13:03:07.220302
,MX$43.50,Chedraui ğŸ›’,chedraui chedraui mundo e,2023-12-04 13:03:07.220302
,MX$29.00,Chedraui ğŸ›’,chedraui chedraui mundo e,2023-12-04 13:03:07.220302
tortilla nopalia nopal refrigerada 450 g,MX$45.00,Chedraui ğŸ›’,chedraui chedraui mundo e,2023-12-04 13:03:07.220302
,MX$29.40,Chedraui ğŸ›’,chedraui chedraui mundo e,2023-12-04 13:03:07.220302
,MX$51.00,Chedraui ğŸ›’,chedraui chedraui mundo e,2023-12-04 13:03:07.220302
,MX$113.00,Chedraui ğŸ›’,chedraui chedraui mundo e,2023-12-04 13:03:07.220302
,MX$191.00,Chedraui ğŸ›’,chedraui chedraui mundo e,2023-12-04 13:03:07.220302
,MX$38.50,Chedraui ğŸ›’,chedraui chedraui mundo e,2023-12-04 13:03:07.220302
,MX$17.50,Chedraui ğŸ›’,chedraui chedraui mundo e,2023-12-04 13:03:07.220302
,MX$35.60,Chedraui ğŸ›’,chedraui chedraui mundo e,2023-12-04 13:03:07.220302
,MX$28.00,Chedraui ğŸ›’,chedraui chedraui mundo e,2023-12-04 13:03:07.220302
,MX$33.00,Chedraui ğŸ›’,chedraui chedraui mundo e,2023-12-04 13:03:07.220302
,MX$29.90,Chedraui ğŸ›’,chedraui chedraui mundo e,2023-12-04 13:03:07.220302
,MX$32.50,Chedraui ğŸ›’,chedraui chedraui mundo e,2023-12-04 13:03:07.220302
,MX$28.00,Chedraui ğŸ›’,chedraui chedraui mundo e,2023-12-04 13:03:07.220302
,MX$31.50,Chedraui ğŸ›’,chedraui chedraui mundo e,2023-12-04 13:03:07.220302
,MX$28.00,Chedraui ğŸ›’,chedraui chedraui mundo e,2023-12-04 13:03:07.220302
,MX$23.00,Chedraui ğŸ›’,chedraui chedraui mundo e,2023-12-04 13:03:07.220302
,MX$23.50,Chedraui ğŸ›’,chedraui chedraui mundo e,2023-12-04 13:03:07.220302
,MX$35.50,Chedraui ğŸ›’,chedraui chedraui mundo e,2023-12-04 13:03:07.220302
tortilla nopalia nopal y linaza 450 g,MX$39.50,Chedraui ğŸ›’,chedraui chedraui mundo e,2023-12-04 13:03:07.220302
,MX$169.00,Chedraui ğŸ›’,chedraui chedraui mundo e,2023-12-04 13:03:07.220302
,MX$24.00,Chedraui ğŸ›’,chedraui chedraui mundo e,2023-12-04 13:03:07.220302
,MX$35.00,Chedraui ğŸ›’,chedraui chedraui mundo e,2023-12-04 13:03:07.220302
,MX$44.90,Chedraui ğŸ›’,chedraui chedraui mundo e,2023-12-04 13:03:07.220302
,MX$85.60,Chedraui ğŸ›’,chedraui chedraui mundo e,2023-12-04 13:03:07.220302
,MX$44.00,Chedraui ğŸ›’,chedraui chedraui mundo e,2023-12-04 13:03:07.220302
,MX$57.00,Chedraui ğŸ›’,chedraui chedraui mundo e,2023-12-04 13:03:07.220302
chips sun harvest tortilla 453 gr,MX$99.00,Chedraui ğŸ›’,chedraui chedraui mundo e,2023-12-04 13:03:07.220302
sopes de maiz,MX$42.00,Chedraui ğŸ›’,chedraui chedraui mundo e,2023-12-04 13:03:07.220302
,MX$37.00,Chedraui ğŸ›’,chedraui chedraui mundo e,2023-12-04 13:03:07.220302
,MX$25.00,Chedraui ğŸ›’,chedraui chedraui mundo e,2023-12-04 13:03:07.220302
,MX$35.50,Chedraui ğŸ›’,chedraui chedraui mundo e,2023-12-04 13:03:07.220302
,MX$113.00,Chedraui ğŸ›’,chedraui chedraui mundo e,2023-12-04 13:03:07.220302
,MX$113.00,Chedraui ğŸ›’,chedraui chedraui mundo e,2023-12-04 13:03:07.220302
,MX$44.90,Chedraui ğŸ›’,chedraui chedraui mundo e,2023-12-04 13:03:07.220302
,MX$24.35,Chedraui ğŸ›’,chedraui chedraui mundo e,2023-12-04 13:03:07.220302
totopo azul selecto brand 500 gr,MX$39.50,Chedraui ğŸ›’,chedraui chedraui mundo e,2023-12-04 13:03:07.220302
tostada nopalia nopal frita 189 g,MX$36.50,Chedraui ğŸ›’,chedraui chedraui mundo e,2023-12-04 13:03:07.220302
,MX$48.50,Chedraui ğŸ›’,chedraui chedraui mundo e,2023-12-04 13:03:07.220302
,MX$28.00,Chedraui ğŸ›’,chedraui chedraui mundo e,2023-12-04 13:03:07.220302
,MX$29.50,Chedraui ğŸ›’,chedraui chedraui mundo e,2023-12-04 13:03:07.220302
,MX$56.00,Chedraui ğŸ›’,chedraui chedraui mundo e,2023-12-04 13:03:07.220302
,MX$65.00,Chedraui ğŸ›’,chedraui chedraui mundo e,2023-12-04 13:03:07.220302
r pambazo xalapeno,MX$4.20,Chedraui ğŸ›’,chedraui chedraui mundo e,2023-12-04 13:03:07.220302
,MX$24.00,Chedraui ğŸ›’,chedraui chedraui mundo e,2023-12-04 13:03:07.220302
,MX$24.00,Chedraui ğŸ›’,chedraui chedraui mundo e,2023-12-04 13:03:07.220302
,MX$34.45,Chedraui ğŸ›’,chedraui chedraui mundo e,2023-12-04 13:03:07.220302
tostadas selecto brand 320 gr,MX$25.00,Chedraui ğŸ›’,chedraui chedraui mundo e,2023-12-04 13:03:07.220302
pudin en polvo d'gari vainilla 96 gr,MX$13.50,Chedraui ğŸ›’,chedraui chedraui mundo e,2023-12-04 13:03:07.220302
totopo botanero selecto brand 500 gr,MX$39.50,Chedraui ğŸ›’,chedraui chedraui mundo e,2023-12-04 13:03:07.220302
,MX$38.50,Chedraui ğŸ›’,chedraui chedraui mundo e,2023-12-04 13:03:07.220302
,MX$54.00,Chedraui ğŸ›’,chedraui chedraui mundo e,2023-12-04 13:03:07.220302
sal molinillo 7 sales pontino bote 650 gramos,MX$205.00,Chedraui ğŸ›’,chedraui chedraui mundo e,2023-12-04 13:03:07.220302
harina de coco bob s red mill organica 453 gr,MX$192.00,Chedraui ğŸ›’,chedraui chedraui mundo e,2023-12-04 13:03:07.220302
polvo para hornear bob s red mill 397 gr,MX$182.00,Chedraui ğŸ›’,chedraui chedraui mundo e,2023-12-04 13:03:07.220302
ralladura de coco first street hojuelas 396g,MX$80.00,Chedraui ğŸ›’,chedraui chedraui mundo e,2023-12-04 13:03:07.220302
alga nori satoru 440 g,MX$51.00,Chedraui ğŸ›’,chedraui chedraui mundo e,2023-12-04 13:03:07.220302
,MX$224.00,Chedraui ğŸ›’,chedraui chedraui mundo e,2023-12-04 13:03:07.220302
,MX$56.00,Chedraui ğŸ›’,chedraui chedraui mundo e,2023-12-04 13:03:07.220302
,MX$36.50,Chedraui ğŸ›’,chedraui chedraui mundo e,2023-12-04 13:03:07.220302
,MX$36.50,Chedraui ğŸ›’,chedraui chedraui mundo e,2023-12-04 13:03:07.220302
sal sol grano fino yodada fluorurada 750gr,MX$15.50,Chedraui ğŸ›’,chedraui chedraui mundo e,2023-12-04 13:03:07.220302
azucar p/decorar betty crocker rojo 63.8 gr,MX$45.00,Chedraui ğŸ›’,chedraui chedraui mundo e,2023-12-04 13:03:07.220302
harina morama hot cakes chisp ch 350 gr,MX$214.00,Chedraui ğŸ›’,chedraui chedraui mundo e,2023-12-04 13:03:07.220302
harina tu tipo chia linaza 450 gr,MX$85.00,Chedraui ğŸ›’,chedraui chedraui mundo e,2023-12-04 13:03:07.220302
,MX$175.00,Chedraui ğŸ›’,chedraui chedraui mundo e,2023-12-04 13:03:07.220302
harina sun harvest de coco organica 453g,MX$74.75,Chedraui ğŸ›’,chedraui chedraui mundo e,2023-12-04 13:03:07.220302
gelatina  tequila,MX$235.00,Chedraui ğŸ›’,chedraui chedraui mundo e,2023-12-04 13:03:07.220302
pasta para sopa thai heritage padthai 320 gramos,MX$147.00,Chedraui ğŸ›’,chedraui chedraui mundo e,2023-12-04 13:03:07.220302
aceite de ajonjoli  keemaki frasco  190 mililitros,MX$52.00,Chedraui ğŸ›’,chedraui chedraui mundo e,2023-12-04 13:03:07.220302
pasta de coco 100% thai heritage lata 165gr,MX$83.00,Chedraui ğŸ›’,chedraui chedraui mundo e,2023-12-04 13:03:07.220302
boulgour precocido tipiak caja  500 gramos,MX$123.00,Chedraui ğŸ›’,chedraui chedraui mundo e,2023-12-04 13:03:07.220302
azucar sun harvest de coco orga 453 g,MX$110.00,Chedraui ğŸ›’,chedraui chedraui mundo e,2023-12-04 13:03:07.220302
endulzante splenda monk 175,MX$105.00,Chedraui ğŸ›’,chedraui chedraui mundo e,2023-12-04 13:03:07.220302
endulzante selecto fruto del monje 54 sb,MX$59.90,Chedraui ğŸ›’,chedraui chedraui mundo e,2023-12-04 13:03:07.220302
rubia (a granel),MX$96.15/kg,Chedraui ğŸ›’,chedraui chedraui mundo e,2023-12-04 13:03:07.220302
,MX$10.00,Chedraui ğŸ›’,chedraui chedraui mundo e,2023-12-04 13:03:07.220302
pudin en polvo d'gari pay de limon 96 gr,MX$13.50,Chedraui ğŸ›’,chedraui chedraui mundo e,2023-12-04 13:03:07.220302
extracto de coco thai heritage lata 400ml,MX$89.00,Chedraui ğŸ›’,chedraui chedraui mundo e,2023-12-04 13:03:07.220302
leche de coco nature en polvo organica 150 gramos,MX$184.00,Chedraui ğŸ›’,chedraui chedraui mundo e,2023-12-04 13:03:07.220302
avena en polvo bueno nuez 400 gr,MX$26.50,Chedraui ğŸ›’,chedraui chedraui mundo e,2023-12-04 13:03:07.220302
vela max's 410785 niebla y sal marina,MX$439.00,Chedraui ğŸ›’,chedraui chedraui mundo e,2023-12-04 13:03:07.220302
,MX$40.00,Chedraui ğŸ›’,chedraui chedraui mundo e,2023-12-04 13:03:07.220302
,MX$65.00,Chedraui ğŸ›’,chedraui chedraui mundo e,2023-12-04 13:03:07.220302
,MX$44.50,Chedraui ğŸ›’,chedraui chedraui mundo e,2023-12-04 13:03:07.220302
,MX$31.50,Chedraui ğŸ›’,chedraui chedraui mundo e,2023-12-04 13:03:07.220302
,MX$34.50,Chedraui ğŸ›’,chedraui chedraui mundo e,2023-12-04 13:03:07.220302
,MX$44.00,Chedraui ğŸ›’,chedraui chedraui mundo e,2023-12-04 13:03:07.220302
,MX$32.75,Chedraui ğŸ›’,chedraui chedraui mundo e,2023-12-04 13:03:07.220302
,MX$30.60,Chedraui ğŸ›’,chedraui chedraui mundo e,2023-12-04 13:03:07.220302
,MX$52.50,Chedraui ğŸ›’,chedraui chedraui mundo e,2023-12-04 13:03:07.220302
tostadas daylish light natural 60gr,MX$61.00,Chedraui ğŸ›’,chedraui chedraui mundo e,2023-12-04 13:03:07.220302
,MX$29.00,Chedraui ğŸ›’,chedraui chedraui mundo e,2023-12-04 13:03:07.220302
,MX$24.00,Chedraui ğŸ›’,chedraui chedraui mundo e,2023-12-04 13:03:07.220302
,MX$25.00,Chedraui ğŸ›’,chedraui chedraui mundo e,2023-12-04 13:03:07.220302
,MX$23.50,Chedraui ğŸ›’,chedraui chedraui mundo e,2023-12-04 13:03:07.220302
,MX$45.00,Chedraui ğŸ›’,chedraui chedraui mundo e,2023-12-04 13:03:07.220302
,MX$14.85,Chedraui ğŸ›’,chedraui chedraui mundo e,2023-12-04 13:03:07.220302
,MX$38.00,Chedraui ğŸ›’,chedraui chedraui mundo e,2023-12-04 13:03:07.220302
,MX$30.00,Chedraui ğŸ›’,chedraui chedraui mundo e,2023-12-04 13:03:07.220302
,MX$33.50,Chedraui ğŸ›’,chedraui chedraui mundo e,2023-12-04 13:03:07.220302
,MX$41.00,Chedraui ğŸ›’,chedraui chedraui mundo e,2023-12-04 13:03:07.220302
,MX$48.30,Chedraui ğŸ›’,chedraui chedraui mundo e,2023-12-04 13:03:07.220302
,MX$56.00,Chedraui ğŸ›’,chedraui chedraui mundo e,2023-12-04 13:03:07.220302
,MX$24.00,Chedraui ğŸ›’,chedraui chedraui mundo e,2023-12-04 13:03:07.220302
,MX$72.90,Chedraui ğŸ›’,chedraui chedraui mundo e,2023-12-04 13:03:07.220302
,MX$75.00,Chedraui ğŸ›’,chedraui chedraui mundo e,2023-12-04 13:03:07.220302
,MX$28.00,Chedraui ğŸ›’,chedraui chedraui mundo e,2023-12-04 13:03:07.220302
tostadas healthy brand harina almen 100,MX$149.00,Chedraui ğŸ›’,chedraui chedraui mundo e,2023-12-04 13:03:07.220302
,MX$41.00,Chedraui ğŸ›’,chedraui chedraui mundo e,2023-12-04 13:03:07.220302
,MX$41.00,Chedraui ğŸ›’,chedraui chedraui mundo e,2023-12-04 13:03:07.220302
totopo sabor habanero selecto brand 500 gr,MX$39.50,Chedraui ğŸ›’,chedraui chedraui mundo e,2023-12-04 13:03:07.220302
masa para tortilla (a granel),MX$14.00/kg,Chedraui ğŸ›’,chedraui chedraui mundo e,2023-12-04 13:03:07.220302
maizena coco 2x24x47g,MX$11.50,Chedraui ğŸ›’,chedraui chedraui mundo e,2023-12-04 13:03:07.220302
aceite comestible en aerosol pam lata 1 pieza de 170 gramos con gratis salsa de tomate hunts tetrapack para pasta 360 gramos,MX$47.90,Chedraui ğŸ›’,chedraui chedraui mundo e,2023-12-04 13:03:07.220302
,MX$54.00,Chedraui ğŸ›’,chedraui chedraui mundo e,2023-12-04 13:03:07.220302
,MX$58.00,Chedraui ğŸ›’,chedraui chedraui mundo e,2023-12-04 13:03:07.220302
,MX$92.00,Chedraui ğŸ›’,chedraui chedraui mundo e,2023-12-04 13:03:07.220302
,MX$52.20,Chedraui ğŸ›’,chedraui chedraui mundo e,2023-12-04 13:03:07.220302
,MX$55.00,Chedraui ğŸ›’,chedraui chedraui mundo e,2023-12-04 13:03:07.220302
,MX$40.00,Chedraui ğŸ›’,chedraui chedraui mundo e,2023-12-04 13:03:07.220302
,MX$35.00,Chedraui ğŸ›’,chedraui chedraui mundo e,2023-12-04 13:03:07.220302
,MX$36.00,Chedraui ğŸ›’,chedraui chedraui mundo e,2023-12-04 13:03:07.220302
,MX$59.50,Chedraui ğŸ›’,chedraui chedraui mundo e,2023-12-04 13:03:07.220302
,MX$82.00,Chedraui ğŸ›’,chedraui chedraui mundo e,2023-12-04 13:03:07.220302
,MX$43.00,Chedraui ğŸ›’,chedraui chedraui mundo e,2023-12-04 13:03:07.220302
,MX$36.65,Chedraui ğŸ›’,chedraui chedraui mundo e,2023-12-04 13:03:07.220302
,MX$59.00,Chedraui ğŸ›’,chedraui chedraui mundo e,2023-12-04 13:03:07.220302
,MX$39.50,Chedraui ğŸ›’,chedraui chedraui mundo e,2023-12-04 13:03:07.220302
,MX$237.00,Chedraui ğŸ›’,chedraui chedraui mundo e,2023-12-04 13:03:07.220302
,MX$85.30,Chedraui ğŸ›’,chedraui chedraui mundo e,2023-12-04 13:03:07.220302
,MX$116.00,Chedraui ğŸ›’,chedraui chedraui mundo e,2023-12-04 13:03:07.220302
,MX$225.00,Chedraui ğŸ›’,chedraui chedraui mundo e,2023-12-04 13:03:07.220302
,MX$46.00,Chedraui ğŸ›’,chedraui chedraui mundo e,2023-12-04 13:03:07.220302
,MX$75.50,Chedraui ğŸ›’,chedraui chedraui mundo e,2023-12-04 13:03:07.220302
,MX$162.00,Chedraui ğŸ›’,chedraui chedraui mundo e,2023-12-04 13:03:07.220302
,MX$207.00,Chedraui ğŸ›’,chedraui chedraui mundo e,2023-12-04 13:03:07.220302
,MX$256.00,Chedraui ğŸ›’,chedraui chedraui mundo e,2023-12-04 13:03:07.220302
,MX$95.00,Chedraui ğŸ›’,chedraui chedraui mundo e,2023-12-04 13:03:07.220302
,MX$32.00,Chedraui ğŸ›’,chedraui chedraui mundo e,2023-12-04 13:03:07.220302
,MX$80.00,Chedraui ğŸ›’,chedraui chedraui mundo e,2023-12-04 13:03:07.220302
,MX$100.00,Chedraui ğŸ›’,chedraui chedraui mundo e,2023-12-04 13:03:07.220302
,MX$36.00,Chedraui ğŸ›’,chedraui chedraui mundo e,2023-12-04 13:03:07.220302
,MX$70.00,Chedraui ğŸ›’,chedraui chedraui mundo e,2023-12-04 13:03:07.220302
,MX$29.85,Chedraui ğŸ›’,chedraui chedraui mundo e,2023-12-04 13:03:07.220302
,MX$43.90,Chedraui ğŸ›’,chedraui chedraui mundo e,2023-12-04 13:03:07.220302
aceite selecto soya 800 ml,MX$39.90,Chedraui ğŸ›’,chedraui chedraui mundo e,2023-12-04 13:03:07.220302
,MX$159.00,Chedraui ğŸ›’,chedraui chedraui mundo e,2023-12-04 13:03:07.220302
,MX$277.00,Chedraui ğŸ›’,chedraui chedraui mundo e,2023-12-04 13:03:07.220302
,MX$169.00,Chedraui ğŸ›’,chedraui chedraui mundo e,2023-12-04 13:03:07.220302
,MX$145.00,Chedraui ğŸ›’,chedraui chedraui mundo e,2023-12-04 13:03:07.220302
,MX$69.50,Chedraui ğŸ›’,chedraui chedraui mundo e,2023-12-04 13:03:07.220302
,MX$214.00,Chedraui ğŸ›’,chedraui chedraui mundo e,2023-12-04 13:03:07.220302
,MX$155.50,Chedraui ğŸ›’,chedraui chedraui mundo e,2023-12-04 13:03:07.220302
,MX$119.00,Chedraui ğŸ›’,chedraui chedraui mundo e,2023-12-04 13:03:07.220302
,MX$63.00,Chedraui ğŸ›’,chedraui chedraui mundo e,2023-12-04 13:03:07.220302
,MX$233.00,Chedraui ğŸ›’,chedraui chedraui mundo e,2023-12-04 13:03:07.220302
,MX$75.00,Chedraui ğŸ›’,chedraui chedraui mundo e,2023-12-04 13:03:07.220302
,MX$137.00,Chedraui ğŸ›’,chedraui chedraui mundo e,2023-12-04 13:03:07.220302
,MX$203.00,Chedraui ğŸ›’,chedraui chedraui mundo e,2023-12-04 13:03:07.220302
aceite de aguacate aceitoli puro 250 ml,MX$99.00,Chedraui ğŸ›’,chedraui chedraui mundo e,2023-12-04 13:03:07.220302
,MX$269.00,Chedraui ğŸ›’,chedraui chedraui mundo e,2023-12-04 13:03:07.220302
,MX$180.00,Chedraui ğŸ›’,chedraui chedraui mundo e,2023-12-04 13:03:07.220302
,MX$80.00,Chedraui ğŸ›’,chedraui chedraui mundo e,2023-12-04 13:03:07.220302
,MX$219.00,Chedraui ğŸ›’,chedraui chedraui mundo e,2023-12-04 13:03:07.220302
,MX$310.00,Chedraui ğŸ›’,chedraui chedraui mundo e,2023-12-04 13:03:07.220302
,MX$67.00,Chedraui ğŸ›’,chedraui chedraui mundo e,2023-12-04 13:03:07.220302
,MX$40.50,Chedraui ğŸ›’,chedraui chedraui mundo e,2023-12-04 13:03:07.220302
,MX$80.00,Chedraui ğŸ›’,chedraui chedraui mundo e,2023-12-04 13:03:07.220302
,MX$50.00,Chedraui ğŸ›’,chedraui chedraui mundo e,2023-12-04 13:03:07.220302
,MX$168.00,Chedraui ğŸ›’,chedraui chedraui mundo e,2023-12-04 13:03:07.220302
,MX$120.00,Chedraui ğŸ›’,chedraui chedraui mundo e,2023-12-04 13:03:07.220302
,MX$65.00,Chedraui ğŸ›’,chedraui chedraui mundo e,2023-12-04 13:03:07.220302
,MX$39.50,Chedraui ğŸ›’,chedraui chedraui mundo e,2023-12-04 13:03:07.220302
,MX$154.00,Chedraui ğŸ›’,chedraui chedraui mundo e,2023-12-04 13:03:07.220302
,MX$53.95,Chedraui ğŸ›’,chedraui chedraui mundo e,2023-12-04 13:03:07.220302
,MX$78.00,Chedraui ğŸ›’,chedraui chedraui mundo e,2023-12-04 13:03:07.220302
,MX$197.00,Chedraui ğŸ›’,chedraui chedraui mundo e,2023-12-04 13:03:07.220302
,MX$58.35,Chedraui ğŸ›’,chedraui chedraui mundo e,2023-12-04 13:03:07.220302
aceite de aguacate aceitoli oliva 250 ml,MX$99.00,Chedraui ğŸ›’,chedraui chedraui mundo e,2023-12-04 13:03:07.220302
,MX$59.00,Chedraui ğŸ›’,chedraui chedraui mundo e,2023-12-04 13:03:07.220302
,MX$115.00,Chedraui ğŸ›’,chedraui chedraui mundo e,2023-12-04 13:03:07.220302
,MX$169.00,Chedraui ğŸ›’,chedraui chedraui mundo e,2023-12-04 13:03:07.220302
,MX$237.00,Chedraui ğŸ›’,chedraui chedraui mundo e,2023-12-04 13:03:07.220302
,MX$398.00,Chedraui ğŸ›’,chedraui chedraui mundo e,2023-12-04 13:03:07.220302
,MX$27.75,Chedraui ğŸ›’,chedraui chedraui mundo e,2023-12-04 13:03:07.220302
,MX$235.00,Chedraui ğŸ›’,chedraui chedraui mundo e,2023-12-04 13:03:07.220302
,MX$139.00,Chedraui ğŸ›’,chedraui chedraui mundo e,2023-12-04 13:03:07.220302
,MX$138.00,Chedraui ğŸ›’,chedraui chedraui mundo e,2023-12-04 13:03:07.220302
,MX$398.00,Chedraui ğŸ›’,chedraui chedraui mundo e,2023-12-04 13:03:07.220302
,MX$256.00,Chedraui ğŸ›’,chedraui chedraui mundo e,2023-12-04 13:03:07.220302
,MX$172.00,Chedraui ğŸ›’,chedraui chedraui mundo e,2023-12-04 13:03:07.220302
,MX$312.00,Chedraui ğŸ›’,chedraui chedraui mundo e,2023-12-04 13:03:07.220302
,MX$58.00,Chedraui ğŸ›’,chedraui chedraui mundo e,2023-12-04 13:03:07.220302
,MX$369.00,Chedraui ğŸ›’,chedraui chedraui mundo e,2023-12-04 13:03:07.220302
,MX$191.00,Chedraui ğŸ›’,chedraui chedraui mundo e,2023-12-04 13:03:07.220302
,MX$158.00,Chedraui ğŸ›’,chedraui chedraui mundo e,2023-12-04 13:03:07.220302
,MX$359.00,Chedraui ğŸ›’,chedraui chedraui mundo e,2023-12-04 13:03:07.220302
,MX$160.00,Chedraui ğŸ›’,chedraui chedraui mundo e,2023-12-04 13:03:07.220302
,MX$74.50,Chedraui ğŸ›’,chedraui chedraui mundo e,2023-12-04 13:03:07.220302
aceite de aguacate aceitoli puro 500 ml,MX$149.00,Chedraui ğŸ›’,chedraui chedraui mundo e,2023-12-04 13:03:07.220302
,MX$284.00,Chedraui ğŸ›’,chedraui chedraui mundo e,2023-12-04 13:03:07.220302
,MX$168.00,Chedraui ğŸ›’,chedraui chedraui mundo e,2023-12-04 13:03:07.220302
,MX$143.00,Chedraui ğŸ›’,chedraui chedraui mundo e,2023-12-04 13:03:07.220302
,MX$135.00,Chedraui ğŸ›’,chedraui chedraui mundo e,2023-12-04 13:03:07.220302
,MX$86.40,Chedraui ğŸ›’,chedraui chedraui mundo e,2023-12-04 13:03:07.220302
,MX$168.00,Chedraui ğŸ›’,chedraui chedraui mundo e,2023-12-04 13:03:07.220302
aceite soya plus puro 946 ml,MX$46.00,Chedraui ğŸ›’,chedraui chedraui mundo e,2023-12-04 13:03:07.220302
,MX$153.00,Chedraui ğŸ›’,chedraui chedraui mundo e,2023-12-04 13:03:07.220302
,MX$75.50,Chedraui ğŸ›’,chedraui chedraui mundo e,2023-12-04 13:03:07.220302
,MX$170.00,Chedraui ğŸ›’,chedraui chedraui mundo e,2023-12-04 13:03:07.220302
aceite de oliva oli +pinzas 750 ml,MX$237.00,Chedraui ğŸ›’,chedraui chedraui mundo e,2023-12-04 13:03:07.220302
,MX$870.00,Chedraui ğŸ›’,chedraui chedraui mundo e,2023-12-04 13:03:07.220302
,MX$146.00,Chedraui ğŸ›’,chedraui chedraui mundo e,2023-12-04 13:03:07.220302
,MX$185.00,Chedraui ğŸ›’,chedraui chedraui mundo e,2023-12-04 13:03:07.220302
,MX$192.00,Chedraui ğŸ›’,chedraui chedraui mundo e,2023-12-04 13:03:07.220302
,MX$495.00,Chedraui ğŸ›’,chedraui chedraui mundo e,2023-12-04 13:03:07.220302
,MX$305.00,Chedraui ğŸ›’,chedraui chedraui mundo e,2023-12-04 13:03:07.220302
,MX$283.00,Chedraui ğŸ›’,chedraui chedraui mundo e,2023-12-04 13:03:07.220302
,MX$100.00,Chedraui ğŸ›’,chedraui chedraui mundo e,2023-12-04 13:03:07.220302
,MX$870.00,Chedraui ğŸ›’,chedraui chedraui mundo e,2023-12-04 13:03:07.220302
,MX$559.00,Chedraui ğŸ›’,chedraui chedraui mundo e,2023-12-04 13:03:07.220302
,MX$74.50,Chedraui ğŸ›’,chedraui chedraui mundo e,2023-12-04 13:03:07.220302
,MX$356.00,Chedraui ğŸ›’,chedraui chedraui mundo e,2023-12-04 13:03:07.220302
,MX$158.00,Chedraui ğŸ›’,chedraui chedraui mundo e,2023-12-04 13:03:07.220302
,MX$556.00,Chedraui ğŸ›’,chedraui chedraui mundo e,2023-12-04 13:03:07.220302
,MX$250.00,Chedraui ğŸ›’,chedraui chedraui mundo e,2023-12-04 13:03:07.220302
,MX$198.00,Chedraui ğŸ›’,chedraui chedraui mundo e,2023-12-04 13:03:07.220302
,MX$357.00,Chedraui ğŸ›’,chedraui chedraui mundo e,2023-12-04 13:03:07.220302
,MX$186.00,Chedraui ğŸ›’,chedraui chedraui mundo e,2023-12-04 13:03:07.220302
,MX$507.00,Chedraui ğŸ›’,chedraui chedraui mundo e,2023-12-04 13:03:07.220302
,MX$176.00,Chedraui ğŸ›’,chedraui chedraui mundo e,2023-12-04 13:03:07.220302
,MX$159.00,Chedraui ğŸ›’,chedraui chedraui mundo e,2023-12-04 13:03:07.220302
,MX$252.00,Chedraui ğŸ›’,chedraui chedraui mundo e,2023-12-04 13:03:07.220302
,MX$638.00,Chedraui ğŸ›’,chedraui chedraui mundo e,2023-12-04 13:03:07.220302
,MX$296.00,Chedraui ğŸ›’,chedraui chedraui mundo e,2023-12-04 13:03:07.220302
,MX$168.00,Chedraui ğŸ›’,chedraui chedraui mundo e,2023-12-04 13:03:07.220302
,MX$234.00,Chedraui ğŸ›’,chedraui chedraui mundo e,2023-12-04 13:03:07.220302
,MX$498.00,Chedraui ğŸ›’,chedraui chedraui mundo e,2023-12-04 13:03:07.220302
aceite sarita soya 800 ml,MX$39.90,Chedraui ğŸ›’,chedraui chedraui mundo e,2023-12-04 13:03:07.220302
,MX$71.50,Chedraui ğŸ›’,chedraui chedraui mundo e,2023-12-04 13:03:07.220302
,MX$80.00,Chedraui ğŸ›’,chedraui chedraui mundo e,2023-12-04 13:03:07.220302
,MX$73.00,Chedraui ğŸ›’,chedraui chedraui mundo e,2023-12-04 13:03:07.220302
aceite de aguacate aceitoli f/hie 250,MX$99.00,Chedraui ğŸ›’,chedraui chedraui mundo e,2023-12-04 13:03:07.220302
,MX$89.90,Chedraui ğŸ›’,chedraui chedraui mundo e,2023-12-04 13:03:07.220302
,MX$69.00,Chedraui ğŸ›’,chedraui chedraui mundo e,2023-12-04 13:03:07.220302
,MX$157.00,Chedraui ğŸ›’,chedraui chedraui mundo e,2023-12-04 13:03:07.220302
,MX$299.00,Chedraui ğŸ›’,chedraui chedraui mundo e,2023-12-04 13:03:07.220302
,MX$101.00,Chedraui ğŸ›’,chedraui chedraui mundo e,2023-12-04 13:03:07.220302
,MX$199.00,Chedraui ğŸ›’,chedraui chedraui mundo e,2023-12-04 13:03:07.220302
,MX$355.00,Chedraui ğŸ›’,chedraui chedraui mundo e,2023-12-04 13:03:07.220302
,MX$399.00,Chedraui ğŸ›’,chedraui chedraui mundo e,2023-12-04 13:03:07.220302
,MX$429.00,Chedraui ğŸ›’,chedraui chedraui mundo e,2023-12-04 13:03:07.220302
,MX$195.00,Chedraui ğŸ›’,chedraui chedraui mundo e,2023-12-04 13:03:07.220302
,MX$102.00,Chedraui ğŸ›’,chedraui chedraui mundo e,2023-12-04 13:03:07.220302
oa aceite ext virg borges 2 pack 500 ml,MX$178.00,Chedraui ğŸ›’,chedraui chedraui mundo e,2023-12-04 13:03:07.220302
,MX$49.00,Chedraui ğŸ›’,chedraui chedraui mundo e,2023-12-04 13:03:07.220302
,MX$49.00,Chedraui ğŸ›’,chedraui chedraui mundo e,2023-12-04 13:03:07.220302
oa aceite ext virg oli +pinzas 750 ml,MX$237.00,Chedraui ğŸ›’,chedraui chedraui mundo e,2023-12-04 13:03:07.220302
,MX$108.00,Chedraui ğŸ›’,chedraui chedraui mundo e,2023-12-04 13:03:07.220302
aceite multigrado bardahl fusion 946 ml,MX$135.00,Chedraui ğŸ›’,chedraui chedraui mundo e,2023-12-04 13:03:07.220302
aceite mult quaker state 15w40 946 lt,MX$168.00,Chedraui ğŸ›’,chedraui chedraui mundo e,2023-12-04 13:03:07.220302
aceite mult quaker state 20w50 946 lt,MX$168.00,Chedraui ğŸ›’,chedraui chedraui mundo e,2023-12-04 13:03:07.220302
aceite de aguacate aceitoli ajo 250 ml,MX$99.00,Chedraui ğŸ›’,chedraui chedraui mundo e,2023-12-04 13:03:07.220302
,MX$100.00,Chedraui ğŸ›’,chedraui chedraui mundo e,2023-12-04 13:03:07.220302
,MX$126.00,Chedraui ğŸ›’,chedraui chedraui mundo e,2023-12-04 13:03:07.220302
,MX$259.00,Chedraui ğŸ›’,chedraui chedraui mundo e,2023-12-04 13:03:07.220302
,MX$427.00,Chedraui ğŸ›’,chedraui chedraui mundo e,2023-12-04 13:03:07.220302
,MX$139.00,Chedraui ğŸ›’,chedraui chedraui mundo e,2023-12-04 13:03:07.220302
,MX$95.00,Chedraui ğŸ›’,chedraui chedraui mundo e,2023-12-04 13:03:07.220302
,MX$112.00,Chedraui ğŸ›’,chedraui chedraui mundo e,2023-12-04 13:03:07.220302
,MX$49.00,Chedraui ğŸ›’,chedraui chedraui mundo e,2023-12-04 13:03:07.220302
,MX$99.00,Chedraui ğŸ›’,chedraui chedraui mundo e,2023-12-04 13:03:07.220302
aceite sun harvest oliva 479 gr,MX$199.00,Chedraui ğŸ›’,chedraui chedraui mundo e,2023-12-04 13:03:07.220302
aceite quaker state sintetico 5w20 5 lt,MX$899.00,Chedraui ğŸ›’,chedraui chedraui mundo e,2023-12-04 13:03:07.220302
,MX$139.00,Chedraui ğŸ›’,chedraui chedraui mundo e,2023-12-04 13:03:07.220302
,MX$299.00,Chedraui ğŸ›’,chedraui chedraui mundo e,2023-12-04 13:03:07.220302
,MX$153.00,Chedraui ğŸ›’,chedraui chedraui mundo e,2023-12-04 13:03:07.220302
,MX$153.00,Chedraui ğŸ›’,chedraui chedraui mundo e,2023-12-04 13:03:07.220302
,MX$76.00,Chedraui ğŸ›’,chedraui chedraui mundo e,2023-12-04 13:03:07.220302
,MX$129.00,Chedraui ğŸ›’,chedraui chedraui mundo e,2023-12-04 13:03:07.220302
,MX$462.00,Chedraui ğŸ›’,chedraui chedraui mundo e,2023-12-04 13:03:07.220302
,MX$64.90,Chedraui ğŸ›’,chedraui chedraui mundo e,2023-12-04 13:03:07.220302
,MX$136.90,Chedraui ğŸ›’,chedraui chedraui mundo e,2023-12-04 13:03:07.220302
,MX$129.00,Chedraui ğŸ›’,chedraui chedraui mundo e,2023-12-04 13:03:07.220302
,MX$219.00,Chedraui ğŸ›’,chedraui chedraui mundo e,2023-12-04 13:03:07.220302
,MX$369.00,Chedraui ğŸ›’,chedraui chedraui mundo e,2023-12-04 13:03:07.220302
,MX$195.00,Chedraui ğŸ›’,chedraui chedraui mundo e,2023-12-04 13:03:07.220302
,MX$137.00,Chedraui ğŸ›’,chedraui chedraui mundo e,2023-12-04 13:03:07.220302
,MX$149.00,Chedraui ğŸ›’,chedraui chedraui mundo e,2023-12-04 13:03:07.220302
botella aceite run-pwr sintetico 950l 5w-30,MX$279.00,Chedraui ğŸ›’,chedraui chedraui mundo e,2023-12-04 13:03:07.220302
aceite quaker state sintetico 15w40,MX$899.00,Chedraui ğŸ›’,chedraui chedraui mundo e,2023-12-04 13:03:07.220302
,MX$139.00,Chedraui ğŸ›’,chedraui chedraui mundo e,2023-12-04 13:03:07.220302
,MX$119.00,Chedraui ğŸ›’,chedraui chedraui mundo e,2023-12-04 13:03:07.220302
,MX$106.00,Chedraui ğŸ›’,chedraui chedraui mundo e,2023-12-04 13:03:07.220302
,MX$149.90,Chedraui ğŸ›’,chedraui chedraui mundo e,2023-12-04 13:03:07.220302
,MX$89.00,Chedraui ğŸ›’,chedraui chedraui mundo e,2023-12-04 13:03:07.220302
,MX$89.00,Chedraui ğŸ›’,chedraui chedraui mundo e,2023-12-04 13:03:07.220302
,MX$89.00,Chedraui ğŸ›’,chedraui chedraui mundo e,2023-12-04 13:03:07.220302
,MX$185.00,Chedraui ğŸ›’,chedraui chedraui mundo e,2023-12-04 13:03:07.220302
,MX$120.00,Chedraui ğŸ›’,chedraui chedraui mundo e,2023-12-04 13:03:07.220302
,MX$143.00,Chedraui ğŸ›’,chedraui chedraui mundo e,2023-12-04 13:03:07.220302
,MX$79.00,Chedraui ğŸ›’,chedraui chedraui mundo e,2023-12-04 13:03:07.220302
,MX$189.00,Chedraui ğŸ›’,chedraui chedraui mundo e,2023-12-04 13:03:07.220302
,MX$89.00,Chedraui ğŸ›’,chedraui chedraui mundo e,2023-12-04 13:03:07.220302
,MX$89.00,Chedraui ğŸ›’,chedraui chedraui mundo e,2023-12-04 13:03:07.220302
,MX$149.00,Chedraui ğŸ›’,chedraui chedraui mundo e,2023-12-04 13:03:07.220302
,MX$139.00,Chedraui ğŸ›’,chedraui chedraui mundo e,2023-12-04 13:03:07.220302
,MX$157.00,Chedraui ğŸ›’,chedraui chedraui mundo e,2023-12-04 13:03:07.220302
,MX$64.90,Chedraui ğŸ›’,chedraui chedraui mundo e,2023-12-04 13:03:07.220302
,MX$129.00,Chedraui ğŸ›’,chedraui chedraui mundo e,2023-12-04 13:03:07.220302
,MX$259.00,Chedraui ğŸ›’,chedraui chedraui mundo e,2023-12-04 13:03:07.220302
,MX$25.00,Chedraui ğŸ›’,chedraui chedraui mundo e,2023-12-04 13:03:07.220302
,MX$20.00,Chedraui ğŸ›’,chedraui chedraui mundo e,2023-12-04 13:03:07.220302
,MX$46.00,Chedraui ğŸ›’,chedraui chedraui mundo e,2023-12-04 13:03:07.220302
,MX$44.50,Chedraui ğŸ›’,chedraui chedraui mundo e,2023-12-04 13:03:07.220302
,MX$131.00,Chedraui ğŸ›’,chedraui chedraui mundo e,2023-12-04 13:03:07.220302
,MX$46.00,Chedraui ğŸ›’,chedraui chedraui mundo e,2023-12-04 13:03:07.220302
,MX$167.00,Chedraui ğŸ›’,chedraui chedraui mundo e,2023-12-04 13:03:07.220302
,MX$162.00,Chedraui ğŸ›’,chedraui chedraui mundo e,2023-12-04 13:03:07.220302
,MX$70.00,Chedraui ğŸ›’,chedraui chedraui mundo e,2023-12-04 13:03:07.220302
,MX$145.00,Chedraui ğŸ›’,chedraui chedraui mundo e,2023-12-04 13:03:07.220302
,MX$149.00,Chedraui ğŸ›’,chedraui chedraui mundo e,2023-12-04 13:03:07.220302
,MX$23.00,Chedraui ğŸ›’,chedraui chedraui mundo e,2023-12-04 13:03:07.220302
,MX$57.00,Chedraui ğŸ›’,chedraui chedraui mundo e,2023-12-04 13:03:07.220302
,MX$41.80,Chedraui ğŸ›’,chedraui chedraui mundo e,2023-12-04 13:03:07.220302
,MX$21.50,Chedraui ğŸ›’,chedraui chedraui mundo e,2023-12-04 13:03:07.220302
,MX$47.50,Chedraui ğŸ›’,chedraui chedraui mundo e,2023-12-04 13:03:07.220302
,MX$35.00,Chedraui ğŸ›’,chedraui chedraui mundo e,2023-12-04 13:03:07.220302
,MX$131.00,Chedraui ğŸ›’,chedraui chedraui mundo e,2023-12-04 13:03:07.220302
,MX$51.50,Chedraui ğŸ›’,chedraui chedraui mundo e,2023-12-04 13:03:07.220302
,MX$51.50,Chedraui ğŸ›’,chedraui chedraui mundo e,2023-12-04 13:03:07.220302
,MX$58.00,Chedraui ğŸ›’,chedraui chedraui mundo e,2023-12-04 13:03:07.220302
,MX$14.00,Chedraui ğŸ›’,chedraui chedraui mundo e,2023-12-04 13:03:07.220302
,MX$130.00,Chedraui ğŸ›’,chedraui chedraui mundo e,2023-12-04 13:03:07.220302
,MX$48.50,Chedraui ğŸ›’,chedraui chedraui mundo e,2023-12-04 13:03:07.220302
,MX$40.00,Chedraui ğŸ›’,chedraui chedraui mundo e,2023-12-04 13:03:07.220302
,MX$21.00,Chedraui ğŸ›’,chedraui chedraui mundo e,2023-12-04 13:03:07.220302
,MX$58.00,Chedraui ğŸ›’,chedraui chedraui mundo e,2023-12-04 13:03:07.220302
,MX$46.00,Chedraui ğŸ›’,chedraui chedraui mundo e,2023-12-04 13:03:07.220302
,MX$94.00,Chedraui ğŸ›’,chedraui chedraui mundo e,2023-12-04 13:03:07.220302
,MX$68.00,Chedraui ğŸ›’,chedraui chedraui mundo e,2023-12-04 13:03:07.220302
,MX$69.00,Chedraui ğŸ›’,chedraui chedraui mundo e,2023-12-04 13:03:07.220302
,MX$53.90,Chedraui ğŸ›’,chedraui chedraui mundo e,2023-12-04 13:03:07.220302
,MX$46.00,Chedraui ğŸ›’,chedraui chedraui mundo e,2023-12-04 13:03:07.220302
,MX$85.50,Chedraui ğŸ›’,chedraui chedraui mundo e,2023-12-04 13:03:07.220302
,MX$52.85,Chedraui ğŸ›’,chedraui chedraui mundo e,2023-12-04 13:03:07.220302
,MX$52.00,Chedraui ğŸ›’,chedraui chedraui mundo e,2023-12-04 13:03:07.220302
,MX$46.00,Chedraui ğŸ›’,chedraui chedraui mundo e,2023-12-04 13:03:07.220302
,MX$59.00,Chedraui ğŸ›’,chedraui chedraui mundo e,2023-12-04 13:03:07.220302
,MX$82.00,Chedraui ğŸ›’,chedraui chedraui mundo e,2023-12-04 13:03:07.220302
,MX$109.00,Chedraui ğŸ›’,chedraui chedraui mundo e,2023-12-04 13:03:07.220302
,MX$82.00,Chedraui ğŸ›’,chedraui chedraui mundo e,2023-12-04 13:03:07.220302
,MX$19.00,Chedraui ğŸ›’,chedraui chedraui mundo e,2023-12-04 13:03:07.220302
,MX$25.00,Chedraui ğŸ›’,chedraui chedraui mundo e,2023-12-04 13:03:07.220302
,MX$49.00,Chedraui ğŸ›’,chedraui chedraui mundo e,2023-12-04 13:03:07.220302
,MX$55.00,Chedraui ğŸ›’,chedraui chedraui mundo e,2023-12-04 13:03:07.220302
,MX$55.00,Chedraui ğŸ›’,chedraui chedraui mundo e,2023-12-04 13:03:07.220302
aceituna verde mezzeta hueso colos 283,MX$199.00,Chedraui ğŸ›’,chedraui chedraui mundo e,2023-12-04 13:03:07.220302
,MX$66.22,Chedraui ğŸ›’,chedraui chedraui mundo e,2023-12-04 13:03:07.220302
,MX$148.00,Chedraui ğŸ›’,chedraui chedraui mundo e,2023-12-04 13:03:07.220302
aceite comestible en aerosol pam lata 1 pieza de 170 gramos con gratis salsa de tomate hunts tetrapack para pasta 360 gramos,MX$47.90,Chedraui ğŸ›’,chedraui chedraui mundo e,2023-12-04 13:03:07.220302
,MX$42.90,Soriana HÃ­per - ğŸ›’,soriana hiper lomas verdes,2023-12-04 13:03:07.220302
,MX$30.90,Soriana HÃ­per - ğŸ›’,soriana hiper lomas verdes,2023-12-04 13:03:07.220302
tortilla de maiz amarillo (unidad: 1 kg aprox),MX$12.90/kg,Soriana HÃ­per - ğŸ›’,soriana hiper lomas verdes,2023-12-04 13:03:07.220302
tortilla de maiz blanca (unidad: 1 kg aprox),MX$13.80/kg,Soriana HÃ­per - ğŸ›’,soriana hiper lomas verdes,2023-12-04 13:03:07.220302
,MX$27.90,Soriana HÃ­per - ğŸ›’,soriana hiper lomas verdes,2023-12-04 13:03:07.220302
,MX$28.50,Soriana HÃ­per - ğŸ›’,soriana hiper lomas verdes,2023-12-04 13:03:07.220302
,MX$25.00,Soriana HÃ­per - ğŸ›’,soriana hiper lomas verdes,2023-12-04 13:03:07.220302
,MX$14.00,Soriana HÃ­per - ğŸ›’,soriana hiper lomas verdes,2023-12-04 13:03:07.220302
,MX$61.90,Soriana HÃ­per - ğŸ›’,soriana hiper lomas verdes,2023-12-04 13:03:07.220302
,MX$17.90,Soriana HÃ­per - ğŸ›’,soriana hiper lomas verdes,2023-12-04 13:03:07.220302
,MX$40.50,Soriana HÃ­per - ğŸ›’,soriana hiper lomas verdes,2023-12-04 13:03:07.220302
,MX$60.50,Soriana HÃ­per - ğŸ›’,soriana hiper lomas verdes,2023-12-04 13:03:07.220302
,MX$46.00,Soriana HÃ­per - ğŸ›’,soriana hiper lomas verdes,2023-12-04 13:03:07.220302
,MX$37.50,Soriana HÃ­per - ğŸ›’,soriana hiper lomas verdes,2023-12-04 13:03:07.220302
,MX$22.00,Soriana HÃ­per - ğŸ›’,soriana hiper lomas verdes,2023-12-04 13:03:07.220302
,MX$76.90,Soriana HÃ­per - ğŸ›’,soriana hiper lomas verdes,2023-12-04 13:03:07.220302
,MX$37.90,Soriana HÃ­per - ğŸ›’,soriana hiper lomas verdes,2023-12-04 13:03:07.220302
,MX$47.50,Soriana HÃ­per - ğŸ›’,soriana hiper lomas verdes,2023-12-04 13:03:07.220302
,MX$57.50,Soriana HÃ­per - ğŸ›’,soriana hiper lomas verdes,2023-12-04 13:03:07.220302
,MX$22.00,Soriana HÃ­per - ğŸ›’,soriana hiper lomas verdes,2023-12-04 13:03:07.220302
tortilla amarilla taquera (unidad: 1 kg aprox),MX$22.00/kg,Soriana HÃ­per - ğŸ›’,soriana hiper lomas verdes,2023-12-04 13:03:07.220302
,MX$35.00,Soriana HÃ­per - ğŸ›’,soriana hiper lomas verdes,2023-12-04 13:03:07.220302
,MX$26.90,Soriana HÃ­per - ğŸ›’,soriana hiper lomas verdes,2023-12-04 13:03:07.220302
,MX$32.50,Soriana HÃ­per - ğŸ›’,soriana hiper lomas verdes,2023-12-04 13:03:07.220302
tortilla taquera blanca (unidad: 1 kg aprox),MX$22.00/kg,Soriana HÃ­per - ğŸ›’,soriana hiper lomas verdes,2023-12-04 13:03:07.220302
,MX$26.50,Soriana HÃ­per - ğŸ›’,soriana hiper lomas verdes,2023-12-04 13:03:07.220302
,MX$37.90,Soriana HÃ­per - ğŸ›’,soriana hiper lomas verdes,2023-12-04 13:03:07.220302
,MX$167.40,Soriana HÃ­per - ğŸ›’,soriana hiper lomas verdes,2023-12-04 13:03:07.220302
,MX$40.90,Soriana HÃ­per - ğŸ›’,soriana hiper lomas verdes,2023-12-04 13:03:07.220302
,MX$46.00,Soriana HÃ­per - ğŸ›’,soriana hiper lomas verdes,2023-12-04 13:03:07.220302
,MX$38.00,Soriana HÃ­per - ğŸ›’,soriana hiper lomas verdes,2023-12-04 13:03:07.220302
,MX$19.90,Soriana HÃ­per - ğŸ›’,soriana hiper lomas verdes,2023-12-04 13:03:07.220302
,MX$32.50,Soriana HÃ­per - ğŸ›’,soriana hiper lomas verdes,2023-12-04 13:03:07.220302
,MX$38.00,Soriana HÃ­per - ğŸ›’,soriana hiper lomas verdes,2023-12-04 13:03:07.220302
,MX$34.50,Soriana HÃ­per - ğŸ›’,soriana hiper lomas verdes,2023-12-04 13:03:07.220302
,MX$33.00,Soriana HÃ­per - ğŸ›’,soriana hiper lomas verdes,2023-12-04 13:03:07.220302
,MX$38.00,Soriana HÃ­per - ğŸ›’,soriana hiper lomas verdes,2023-12-04 13:03:07.220302
,MX$34.90,Soriana HÃ­per - ğŸ›’,soriana hiper lomas verdes,2023-12-04 13:03:07.220302
,MX$31.50,Soriana HÃ­per - ğŸ›’,soriana hiper lomas verdes,2023-12-04 13:03:07.220302
,MX$108.50,Soriana HÃ­per - ğŸ›’,soriana hiper lomas verdes,2023-12-04 13:03:07.220302
,MX$122.90,Soriana HÃ­per - ğŸ›’,soriana hiper lomas verdes,2023-12-04 13:03:07.220302
,MX$25.00,Soriana HÃ­per - ğŸ›’,soriana hiper lomas verdes,2023-12-04 13:03:07.220302
,MX$65.50,Soriana HÃ­per - ğŸ›’,soriana hiper lomas verdes,2023-12-04 13:03:07.220302
,MX$34.00,Soriana HÃ­per - ğŸ›’,soriana hiper lomas verdes,2023-12-04 13:03:07.220302
,MX$44.50,Soriana HÃ­per - ğŸ›’,soriana hiper lomas verdes,2023-12-04 13:03:07.220302
,MX$39.90,Soriana HÃ­per - ğŸ›’,soriana hiper lomas verdes,2023-12-04 13:03:07.220302
,MX$59.90,Soriana HÃ­per - ğŸ›’,soriana hiper lomas verdes,2023-12-04 13:03:07.220302
,MX$45.90,Soriana HÃ­per - ğŸ›’,soriana hiper lomas verdes,2023-12-04 13:03:07.220302
,MX$108.50,Soriana HÃ­per - ğŸ›’,soriana hiper lomas verdes,2023-12-04 13:03:07.220302
,MX$37.90,Soriana HÃ­per - ğŸ›’,soriana hiper lomas verdes,2023-12-04 13:03:07.220302
,MX$24.00,Soriana HÃ­per - ğŸ›’,soriana hiper lomas verdes,2023-12-04 13:03:07.220302
,MX$47.90,Soriana HÃ­per - ğŸ›’,soriana hiper lomas verdes,2023-12-04 13:03:07.220302
,MX$25.50,Soriana HÃ­per - ğŸ›’,soriana hiper lomas verdes,2023-12-04 13:03:07.220302
,MX$38.50,Soriana HÃ­per - ğŸ›’,soriana hiper lomas verdes,2023-12-04 13:03:07.220302
,MX$25.90,Soriana HÃ­per - ğŸ›’,soriana hiper lomas verdes,2023-12-04 13:03:07.220302
tostadas en bolsa 1 pz,MX$39.90,Soriana HÃ­per - ğŸ›’,soriana hiper lomas verdes,2023-12-04 13:03:07.220302
,MX$35.00,Soriana HÃ­per - ğŸ›’,soriana hiper lomas verdes,2023-12-04 13:03:07.220302
,MX$30.00,Soriana HÃ­per - ğŸ›’,soriana hiper lomas verdes,2023-12-04 13:03:07.220302
,MX$39.90,Soriana HÃ­per - ğŸ›’,soriana hiper lomas verdes,2023-12-04 13:03:07.220302
,MX$39.50,Soriana HÃ­per - ğŸ›’,soriana hiper lomas verdes,2023-12-04 13:03:07.220302
,MX$146.00,Soriana HÃ­per - ğŸ›’,soriana hiper lomas verdes,2023-12-04 13:03:07.220302
,MX$35.00,Soriana HÃ­per - ğŸ›’,soriana hiper lomas verdes,2023-12-04 13:03:07.220302
,MX$13.50,Soriana HÃ­per - ğŸ›’,soriana hiper lomas verdes,2023-12-04 13:03:07.220302
,MX$121.90,Soriana HÃ­per - ğŸ›’,soriana hiper lomas verdes,2023-12-04 13:03:07.220302
,MX$65.50,Soriana HÃ­per - ğŸ›’,soriana hiper lomas verdes,2023-12-04 13:03:07.220302
,MX$25.50,Soriana HÃ­per - ğŸ›’,soriana hiper lomas verdes,2023-12-04 13:03:07.220302
,MX$33.50,Soriana HÃ­per - ğŸ›’,soriana hiper lomas verdes,2023-12-04 13:03:07.220302
,MX$88.90,Soriana HÃ­per - ğŸ›’,soriana hiper lomas verdes,2023-12-04 13:03:07.220302
,MX$45.90,Soriana HÃ­per - ğŸ›’,soriana hiper lomas verdes,2023-12-04 13:03:07.220302
,MX$160.00,Soriana HÃ­per - ğŸ›’,soriana hiper lomas verdes,2023-12-04 13:03:07.220302
,MX$10.90,Soriana HÃ­per - ğŸ›’,soriana hiper lomas verdes,2023-12-04 13:03:07.220302
,MX$21.90,Soriana HÃ­per - ğŸ›’,soriana hiper lomas verdes,2023-12-04 13:03:07.220302
,MX$13.90,Soriana HÃ­per - ğŸ›’,soriana hiper lomas verdes,2023-12-04 13:03:07.220302
,MX$23.50,Soriana HÃ­per - ğŸ›’,soriana hiper lomas verdes,2023-12-04 13:03:07.220302
,MX$46.90,Soriana HÃ­per - ğŸ›’,soriana hiper lomas verdes,2023-12-04 13:03:07.220302
,MX$61.90,Soriana HÃ­per - ğŸ›’,soriana hiper lomas verdes,2023-12-04 13:03:07.220302
,MX$38.90,Soriana HÃ­per - ğŸ›’,soriana hiper lomas verdes,2023-12-04 13:03:07.220302
,MX$84.00,Soriana HÃ­per - ğŸ›’,soriana hiper lomas verdes,2023-12-04 13:03:07.220302
,MX$132.90,Soriana HÃ­per - ğŸ›’,soriana hiper lomas verdes,2023-12-04 13:03:07.220302
,MX$54.50,Soriana HÃ­per - ğŸ›’,soriana hiper lomas verdes,2023-12-04 13:03:07.220302
,MX$15.50,Soriana HÃ­per - ğŸ›’,soriana hiper lomas verdes,2023-12-04 13:03:07.220302
,MX$91.00,Soriana HÃ­per - ğŸ›’,soriana hiper lomas verdes,2023-12-04 13:03:07.220302
,MX$135.00,Soriana HÃ­per - ğŸ›’,soriana hiper lomas verdes,2023-12-04 13:03:07.220302
,MX$134.00,Soriana HÃ­per - ğŸ›’,soriana hiper lomas verdes,2023-12-04 13:03:07.220302
,MX$15.50,Soriana HÃ­per - ğŸ›’,soriana hiper lomas verdes,2023-12-04 13:03:07.220302
,MX$13.30,Soriana HÃ­per - ğŸ›’,soriana hiper lomas verdes,2023-12-04 13:03:07.220302
,MX$15.50,Soriana HÃ­per - ğŸ›’,soriana hiper lomas verdes,2023-12-04 13:03:07.220302
,MX$19.40,Soriana HÃ­per - ğŸ›’,soriana hiper lomas verdes,2023-12-04 13:03:07.220302
,MX$35.00,Soriana HÃ­per - ğŸ›’,soriana hiper lomas verdes,2023-12-04 13:03:07.220302
,MX$166.00,Soriana HÃ­per - ğŸ›’,soriana hiper lomas verdes,2023-12-04 13:03:07.220302
,MX$17.80,Soriana HÃ­per - ğŸ›’,soriana hiper lomas verdes,2023-12-04 13:03:07.220302
,MX$13.50,Soriana HÃ­per - ğŸ›’,soriana hiper lomas verdes,2023-12-04 13:03:07.220302
,MX$13.90,Soriana HÃ­per - ğŸ›’,soriana hiper lomas verdes,2023-12-04 13:03:07.220302
,MX$13.50,Soriana HÃ­per - ğŸ›’,soriana hiper lomas verdes,2023-12-04 13:03:07.220302
,MX$14.90,Soriana HÃ­per - ğŸ›’,soriana hiper lomas verdes,2023-12-04 13:03:07.220302
,MX$13.50,Soriana HÃ­per - ğŸ›’,soriana hiper lomas verdes,2023-12-04 13:03:07.220302
,MX$13.50,Soriana HÃ­per - ğŸ›’,soriana hiper lomas verdes,2023-12-04 13:03:07.220302
,MX$13.50,Soriana HÃ­per - ğŸ›’,soriana hiper lomas verdes,2023-12-04 13:03:07.220302
,MX$13.90,Soriana HÃ­per - ğŸ›’,soriana hiper lomas verdes,2023-12-04 13:03:07.220302
,MX$13.50,Soriana HÃ­per - ğŸ›’,soriana hiper lomas verdes,2023-12-04 13:03:07.220302
,MX$13.50,Soriana HÃ­per - ğŸ›’,soriana hiper lomas verdes,2023-12-04 13:03:07.220302
,MX$13.50,Soriana HÃ­per - ğŸ›’,soriana hiper lomas verdes,2023-12-04 13:03:07.220302
,MX$14.90,Soriana HÃ­per - ğŸ›’,soriana hiper lomas verdes,2023-12-04 13:03:07.220302
,MX$13.50,Soriana HÃ­per - ğŸ›’,soriana hiper lomas verdes,2023-12-04 13:03:07.220302
,MX$15.30,Soriana HÃ­per - ğŸ›’,soriana hiper lomas verdes,2023-12-04 13:03:07.220302
,MX$14.90,Soriana HÃ­per - ğŸ›’,soriana hiper lomas verdes,2023-12-04 13:03:07.220302
,MX$82.00,Soriana HÃ­per - ğŸ›’,soriana hiper lomas verdes,2023-12-04 13:03:07.220302
,MX$112.00,Soriana HÃ­per - ğŸ›’,soriana hiper lomas verdes,2023-12-04 13:03:07.220302
,MX$21.50,Soriana HÃ­per - ğŸ›’,soriana hiper lomas verdes,2023-12-04 13:03:07.220302
,MX$26.00,Soriana HÃ­per - ğŸ›’,soriana hiper lomas verdes,2023-12-04 13:03:07.220302
,MX$82.90,Soriana HÃ­per - ğŸ›’,soriana hiper lomas verdes,2023-12-04 13:03:07.220302
,MX$14.30,Soriana HÃ­per - ğŸ›’,soriana hiper lomas verdes,2023-12-04 13:03:07.220302
,MX$50.90,Soriana HÃ­per - ğŸ›’,soriana hiper lomas verdes,2023-12-04 13:03:07.220302
,MX$13.90,Soriana HÃ­per - ğŸ›’,soriana hiper lomas verdes,2023-12-04 13:03:07.220302
,MX$95.50,Soriana HÃ­per - ğŸ›’,soriana hiper lomas verdes,2023-12-04 13:03:07.220302
,MX$96.50,Soriana HÃ­per - ğŸ›’,soriana hiper lomas verdes,2023-12-04 13:03:07.220302
,MX$67.90,Soriana HÃ­per - ğŸ›’,soriana hiper lomas verdes,2023-12-04 13:03:07.220302
,MX$41.90,Soriana HÃ­per - ğŸ›’,soriana hiper lomas verdes,2023-12-04 13:03:07.220302
coco rallado precissimo 200gr pza,MX$26.50,Soriana HÃ­per - ğŸ›’,soriana hiper lomas verdes,2023-12-04 13:03:07.220302
,MX$65.00,Soriana HÃ­per - ğŸ›’,soriana hiper lomas verdes,2023-12-04 13:03:07.220302
,MX$234.00,Soriana HÃ­per - ğŸ›’,soriana hiper lomas verdes,2023-12-04 13:03:07.220302
,MX$45.00,Soriana HÃ­per - ğŸ›’,soriana hiper lomas verdes,2023-12-04 13:03:07.220302
,MX$42.90,Soriana HÃ­per - ğŸ›’,soriana hiper lomas verdes,2023-12-04 13:03:07.220302
,MX$32.90,Soriana HÃ­per - ğŸ›’,soriana hiper lomas verdes,2023-12-04 13:03:07.220302
,MX$22.00,Soriana HÃ­per - ğŸ›’,soriana hiper lomas verdes,2023-12-04 13:03:07.220302
tostadas en bolsa,MX$35.00,Soriana HÃ­per - ğŸ›’,soriana hiper lomas verdes,2023-12-04 13:03:07.220302
